<?xml version="1.1" encoding="UTF-8"?>
<expression:EMFExpression xmi:version="2.0" xmlns:xmi="http://www.omg.org/XMI" xmlns:expression="http:///expression.ecore" id="tMap_2=>" expression="Integer.parseInt(TalendDate.formatDate(&quot;yyyy&quot;,row7.OrderDate))">
  <variables name="row7.OrderID" value="0" talendType="id_Integer"/>
  <variables name="row7.OrderDate" value="null" talendType="id_Date" nullable="true"/>
  <variables name="row7.CCNum" value="null" talendType="id_String" nullable="true"/>
  <variables name="row7.OrderDuration" value="null" talendType="id_Integer" nullable="true"/>
  <variables name="row7.DeliveryDuration" value="null" talendType="id_Integer" nullable="true"/>
  <variables name="row7.Email" value="null" talendType="id_String" nullable="true"/>
  <variables name="row7.Country" value="null" talendType="id_String" nullable="true"/>
  <variables name="row7.City" value="null" talendType="id_String" nullable="true"/>
  <variables name="row7.StreetAddress" value="null" talendType="id_String" nullable="true"/>
  <variables name="row8.Email" value="null" talendType="id_String"/>
  <variables name="row8.Name" value="null" talendType="id_String" nullable="true"/>
  <variables name="row8.Password" value="null" talendType="id_String" nullable="true"/>
  <variables name="row8.AgeGroup" value="null" talendType="id_String" nullable="true"/>
  <variables name="row8.Gender" value="null" talendType="id_String" nullable="true"/>
  <variables name="row8.Country" value="null" talendType="id_String" nullable="true"/>
  <variables name="row8.City" value="null" talendType="id_String" nullable="true"/>
  <variables name="row8.StreetAddress" value="null" talendType="id_String" nullable="true"/>
  <variables name="row8.scd_start" value="null" talendType="id_Date"/>
  <variables name="row8.scd_end" value="null" talendType="id_Date" nullable="true"/>
  <variables name="row8.DW_CustomerID" value="0" talendType="id_Integer"/>
  <variables name="row10.Date" value="null" talendType="id_Date"/>
  <variables name="row10.Day" value="null" talendType="id_Integer" nullable="true"/>
  <variables name="row10.Month" value="null" talendType="id_Integer" nullable="true"/>
  <variables name="row10.Year" value="null" talendType="id_Integer" nullable="true"/>
  <variables name="row10.DW_DateID" value="0" talendType="id_Integer"/>
  <variables name="row9.CountryName" value="null" talendType="id_String"/>
  <variables name="row9.Year" value="0" talendType="id_Integer"/>
  <variables name="row9.Population" value="null" talendType="id_Integer" nullable="true"/>
  <variables name="row9.AVGSalary" value="null" talendType="id_Integer" nullable="true"/>
  <variables name="row9.AVGSpent" value="null" talendType="id_Integer" nullable="true"/>
  <variables name="row9.PPP" value="null" talendType="id_Integer" nullable="true"/>
  <variables name="row9.DW_Country" value="0" talendType="id_Integer"/>
</expression:EMFExpression>
